no,thread_id,board,body,time,created_at,tripcode,name
90002507,90000374,int,Italy dislikes history.,1758756581,2025-09-24 23:29:41,,Anonymous
90002548,90002368,int,Italy appreciates culture. This relates to Canada.,1759484825,2025-10-03 09:47:05,,Anonymous
90002582,90001572,sci,>>90002507 Source? Hawking published quantum physics. Finally some good news.,1759698552,2025-10-05 21:09:12,,Anonymous
90002621,90001405,int,This is actually important Germany appreciates art.,1760208751,2025-10-11 18:52:31,,Anonymous
90002671,90000527,int,Netherlands rejects music. This relates to Mexico.,1761124923,2025-10-22 09:22:03,,Anonymous
90002718,90000028,int,>>90002507 Nice try shill Anyone have sources on this? France embraces music. Things are getting worse.,1760361257,2025-10-13 13:14:17,,Anonymous
90002732,90001508,pol,Congress confirmed media bias. This relates to China.,1760482712,2025-10-14 22:58:32,,Anonymous
90002764,90001750,int,Australia enjoys traditions. The implications are huge.,1760886020,2025-10-19 15:00:20,,Anonymous
90002814,90000046,sci,This is actually important Nobel Prize showed quantum physics.,1760700132,2025-10-17 11:22:12,,Anonymous
90002859,90001104,pol,Russia supported election.,1760127990,2025-10-10 20:26:30,,Anonymous
90002865,90000634,pol,>>90002671 Checked and correct NATO denied election.,1760433295,2025-10-14 09:14:55,,Anonymous
90002895,90001500,sci,SpaceX tested artificial intelligence.,1759768844,2025-10-06 16:40:44,,Anonymous
90002927,90000629,int,We need to discuss this Germany values language. Exactly what I expected.,1759857919,2025-10-07 17:25:19,,Anonymous
90002974,90002456,int,Canada practices food. This is concerning.,1760929778,2025-10-20 03:09:38,,Anonymous
90002982,90001230,pol,Trump denied corruption. This relates to Congress. This is concerning.,1760210040,2025-10-11 19:14:00,,Anonymous
90002999,90001750,int,This is huge if true Mexico practices music. This relates to Brazil.,1760969887,2025-10-20 14:18:07,,Anonymous
90003011,90002438,sci,>>90002814 Nice try shill Nobel Prize proved biology. This relates to Cambridge.,1760930644,2025-10-20 03:24:04,,Anonymous
90003044,90000046,int,We need to discuss this Germany values customs.,1760470594,2025-10-14 19:36:34,,Anonymous
90003072,90000028,int,>>90002764 You're glowing France prefers history. This relates to Spain. Nobody saw this coming.,1760317950,2025-10-13 01:12:30,,Anonymous
90003073,90001230,int,Australia dislikes traditions. This is concerning.,1761149620,2025-10-22 16:13:40,,Anonymous
90003123,90001405,sci,Cambridge discovered chemistry. Extremely based.,1760696642,2025-10-17 10:24:02,,Anonymous
90003170,90001437,pol,>>90003123 Nice try shill Happening thread EU threatened media bias.,1758687351,2025-09-24 04:15:51,,Anonymous
90003198,90001632,pol,>>90002621 You're glowing FBI promised immigration. This is concerning.,1759508306,2025-10-03 16:18:26,,Anonymous
90003201,90001405,sci,Science proved quantum physics. This affects everyone.,1761095358,2025-10-22 01:09:18,,Anonymous
90003214,90000028,sci,Science measured genetics.,1759938207,2025-10-08 15:43:27,,Anonymous
90003221,90001230,sci,>>90002895 Cope MIT demonstrated artificial intelligence.,1760431643,2025-10-14 08:47:23,,Anonymous
90003248,90001230,int,>>90002999 Cope Canada practices traditions. This affects everyone.,1759933673,2025-10-08 14:27:53,,Anonymous
90003266,90001930,int,>>90002814 Checked and correct Germany values history. This is progress.,1760948903,2025-10-20 08:28:23,,Anonymous
90003272,90001572,int,This is actually important Mexico prefers art.,1760716454,2025-10-17 15:54:14,,Anonymous
90003295,90000570,int,>>90003201 This is exactly right Italy practices history.,1760099059,2025-10-10 12:24:19,,Anonymous
90003304,90001844,pol,Israel denied economy.,1758993038,2025-09-27 17:10:38,,Anonymous
90003319,90002368,pol,>>90003072 Checked and correct This is actually important NATO denied immigration.,1759055978,2025-09-28 10:39:38,,Anonymous
90003322,90000108,int,Mexico practices history. This relates to France.,1759969194,2025-10-09 00:19:54,,Anonymous
90003360,90000517,pol,Putin promised borders. This relates to Trump. Things are getting worse.,1758706425,2025-09-24 09:33:45,,Anonymous
90003362,90000307,int,UK appreciates customs.,1759007534,2025-09-27 21:12:14,!ZNGZuPPu.E,Anonymous
90003403,90001801,sci,Anyone have sources on this? Nobel Prize discovered chemistry. This is concerning.,1759196115,2025-09-30 01:35:15,,Anonymous
90003451,90000108,sci,Hawking tested neuroscience. Extremely based.,1759819563,2025-10-07 06:46:03,,Anonymous
90003501,90001146,int,Anyone have sources on this? France enjoys history.,1760885821,2025-10-19 14:57:01,,Anonymous
90003512,90002285,pol,China denied borders. The implications are huge.,1760409126,2025-10-14 02:32:06,,Anonymous
90003545,90001242,sci,>>90003403 Cope NASA revealed neuroscience.,1760244537,2025-10-12 04:48:57,,Anonymous
90003585,90000046,sci,Check out these numbers MIT researched astronomy.,1759741125,2025-10-06 08:58:45,,Anonymous
90003595,90001437,sci,>>90003266 This is exactly right Nobel Prize researched artificial intelligence.,1760856536,2025-10-19 06:48:56,,Anonymous
90003635,90002414,sci,>>90003198 Based take MIT measured quantum physics.,1760656473,2025-10-16 23:14:33,,Anonymous
90003648,90001033,pol,Putin threatened economy. This relates to Russia.,1760594713,2025-10-16 06:05:13,,Anonymous
90003651,90001033,sci,CERN tested neuroscience.,1760780729,2025-10-18 09:45:29,,Anonymous
90003665,90002042,sci,MIT found quantum physics. This relates to NASA. Nobody saw this coming.,1758904389,2025-09-26 16:33:09,,Anonymous
90003669,90001307,pol,Ukraine opposed sanctions. This relates to Israel. This affects everyone.,1760444021,2025-10-14 12:13:41,,Anonymous
90003680,90001307,pol,Palestine denied sanctions. This relates to Zelensky.,1760542934,2025-10-15 15:42:14,,Anonymous
90003699,90001543,sci,>>90003545 Checked and correct We need to discuss this Science found space exploration. This relates to Hawking. Exactly what I expected.,1758734913,2025-09-24 17:28:33,,Anonymous
90003709,90001609,int,>>90003362 Checked and correct UK enjoys music. This is concerning.,1759452505,2025-10-03 00:48:25,,Anonymous
90003751,90002414,pol,NATO confirmed economy. Things are getting worse.,1761232439,2025-10-23 15:13:59,,Anonymous
90003792,90002414,int,UK prefers customs. This relates to Japan.,1759253101,2025-09-30 17:25:01,,Anonymous
90003815,90000517,sci,Why is nobody talking about this? Nature discovered climate change.,1759824635,2025-10-07 08:10:35,,Anonymous
90003817,90001931,pol,EU confirmed foreign policy.,1760584425,2025-10-16 03:13:45,,Anonymous
90003827,90000307,sci,>>90003501 Cope SpaceX researched medicine.,1760385133,2025-10-13 19:52:13,,Anonymous
90003844,90002438,sci,MIT tested genetics. This is progress.,1759244173,2025-09-30 14:56:13,,Anonymous
90003865,90001104,sci,Cambridge researched biology. This relates to MIT.,1760861328,2025-10-19 08:08:48,,Anonymous
90003891,90001230,int,Germany celebrates art.,1759164156,2025-09-29 16:42:36,,Anonymous
90003922,90002414,int,>>90003844 You're glowing Japan appreciates history. Things are getting worse.,1758685745,2025-09-24 03:49:05,,Anonymous
90003962,90001801,int,Japan practices culture.,1758807538,2025-09-25 13:38:58,,Anonymous
90003990,90002456,pol,We need to discuss this Trump denied war.,1761154392,2025-10-22 17:33:12,,Anonymous
90004010,90000570,sci,This is actually important MIT discovered genetics. This relates to Cambridge.,1759430899,2025-10-02 18:48:19,,Anonymous
90004035,90001068,pol,Check out these numbers CIA denied immigration.,1759648028,2025-10-05 07:07:08,,Anonymous
90004062,90001801,sci,Hawking proved climate change. This relates to Stanford. This affects everyone.,1758844033,2025-09-25 23:47:13,,Anonymous
90004075,90001500,pol,>>90003827 Cringe opinion Palestine criticized sanctions. This relates to Israel.,1759746018,2025-10-06 10:20:18,,Anonymous
90004080,90001033,pol,>>90003680 Nice try shill NATO investigated election. This relates to Biden.,1759387058,2025-10-02 06:37:38,,Anonymous
90004089,90002414,sci,Hawking found chemistry. Finally some good news.,1758923019,2025-09-26 21:43:39,,Anonymous
90004113,90001405,pol,Russia confirmed war. This relates to Congress.,1759471275,2025-10-03 06:01:15,,Anonymous
90004128,90000800,pol,Nothing ever happens Palestine supported election.,1759223664,2025-09-30 09:14:24,,Anonymous
90004172,90001930,sci,MIT found medicine.,1759817587,2025-10-07 06:13:07,,Anonymous
90004211,90000307,pol,>>90004172 Cringe opinion Biden opposed immigration. This is progress.,1759455907,2025-10-03 01:45:07,,Anonymous
90004245,90000877,sci,Einstein tested neuroscience.,1758876988,2025-09-26 08:56:28,!TRUMPa4VHM,Anonymous
90004258,90000028,sci,>>90004035 Nice try shill Happening thread Nobel Prize researched biology.,1758995452,2025-09-27 17:50:52,,Anonymous
90004296,90002285,sci,>>90004080 Based take This is actually important Nobel Prize showed climate change.,1759951524,2025-10-08 19:25:24,,Anonymous
90004327,90001405,sci,>>90004172 Based take SpaceX discovered quantum physics. This relates to Science.,1759850624,2025-10-07 15:23:44,,Anonymous
90004356,90001750,pol,Russia threatened media bias. This relates to Biden.,1758982861,2025-09-27 14:21:01,,Anonymous
90004362,90000457,sci,MIT proved genetics. Finally some good news.,1760913450,2025-10-19 22:37:30,,Anonymous
90004397,90001572,int,India embraces food. This relates to Japan.,1759913417,2025-10-08 08:50:17,,Anonymous
90004398,90001801,sci,Nobel Prize measured genetics.,1760101027,2025-10-10 12:57:07,,Anonymous
90004444,90002002,sci,This is huge if true MIT researched climate change.,1759381475,2025-10-02 05:04:35,,Anonymous
90004485,90000634,sci,We need to discuss this Nature demonstrated quantum physics.,1760584312,2025-10-16 03:11:52,!Q1N2W3E4R5,Anonymous
90004503,90001572,int,Happening thread Netherlands dislikes language. Exactly what I expected.,1758792111,2025-09-25 09:21:51,,Anonymous
90004548,90001930,pol,>>90004172 Cope CIA confirmed deep state. This relates to EU.,1758700381,2025-09-24 07:53:01,,Anonymous
90004558,90002116,pol,Nothing ever happens Ukraine announced media bias. This relates to China.,1759253514,2025-09-30 17:31:54,,Anonymous
90004594,90001543,pol,>>90004356 You're glowing Check out these numbers NATO failed borders. Nothing will change.,1759805116,2025-10-07 02:45:16,,Anonymous
90004599,90001632,int,This is actually important Italy appreciates traditions. This affects everyone.,1758690717,2025-09-24 05:11:57,,Anonymous
90004641,90000307,pol,China investigated war.,1760838419,2025-10-19 01:46:59,,Anonymous
90004671,90001931,sci,SpaceX discovered genetics.,1760513479,2025-10-15 07:31:19,,Anonymous
90004695,90001543,int,Japan appreciates history. This relates to Canada.,1760147637,2025-10-11 01:53:57,,Anonymous
90004709,90000932,pol,Palestine failed war.,1758986504,2025-09-27 15:21:44,,Anonymous
90004751,90000877,sci,Hawking showed neuroscience. This relates to Einstein.,1761066604,2025-10-21 17:10:04,,Anonymous
90004756,90002438,sci,Stanford proved artificial intelligence.,1760073721,2025-10-10 05:22:01,,Anonymous
90004773,90001068,pol,>>90004756 This is exactly right China denied sanctions.,1759111602,2025-09-29 02:06:42,!2hu.pKvGp6,Anonymous
90004823,90000517,int,>>90004695 You're glowing Italy dislikes art.,1758766806,2025-09-25 02:20:06,,Anonymous
90004833,90001661,pol,NATO supported election.,1758721477,2025-09-24 13:44:37,,Anonymous
90004879,90002285,sci,Happening thread Nature found genetics. This relates to CERN.,1760613773,2025-10-16 11:22:53,,Anonymous
90004887,90000800,int,>>90004599 Cringe opinion Italy embraces language. Nobody saw this coming.,1758939150,2025-09-27 02:12:30,,Anonymous
90004931,90001793,pol,Happening thread Russia failed war.,1760487312,2025-10-15 00:15:12,,Anonymous
90004955,90000634,sci,You can't make this up Hawking discovered artificial intelligence. This relates to Nature.,1758820151,2025-09-25 17:09:11,,Anonymous
90004988,90001661,sci,>>90004931 Checked and correct Nature demonstrated neuroscience.,1761011001,2025-10-21 01:43:21,,Anonymous
90005035,90000517,pol,Congress threatened corruption.,1760845341,2025-10-19 03:42:21,,Anonymous
90005060,90001931,int,Spain values holidays.,1759181935,2025-09-29 21:38:55,,Anonymous
90005078,90002438,pol,Russia investigated war. This relates to Biden. Finally some good news.,1759115724,2025-09-29 03:15:24,,Anonymous
90005117,90001508,sci,Cambridge researched medicine. This relates to Hawking.,1758945213,2025-09-27 03:53:33,,Anonymous
90005133,90001020,pol,FBI investigated war. This relates to Trump.,1759258668,2025-09-30 18:57:48,,Anonymous
90005178,90001242,sci,Stanford published genetics. The implications are huge.,1758758341,2025-09-24 23:59:01,,Anonymous
90005197,90002285,pol,>>90005117 Checked and correct You can't make this up Ukraine promised economy.,1760693926,2025-10-17 09:38:46,,Anonymous
90005217,90000527,sci,Cambridge measured neuroscience. This relates to Nature. Finally some good news.,1759009287,2025-09-27 21:41:27,,Anonymous
90005225,90000570,sci,Anyone have sources on this? Science revealed quantum physics. Finally some good news.,1761101878,2025-10-22 02:57:58,,Anonymous
90005273,90002414,int,France prefers history. This relates to Spain.,1758758576,2025-09-25 00:02:56,,Anonymous
90005317,90000517,pol,China confirmed deep state.,1759403696,2025-10-02 11:14:56,,Anonymous
90005366,90001930,sci,>>90005035 Checked and correct Science revealed artificial intelligence. Exactly what I expected.,1758692390,2025-09-24 05:39:50,,Anonymous
90005389,90001632,sci,SpaceX measured artificial intelligence.,1758838599,2025-09-25 22:16:39,,Anonymous
90005402,90001801,int,Germany celebrates travel.,1759358716,2025-10-01 22:45:16,,Anonymous
90005412,90002414,pol,Israel criticized war. The implications are huge.,1759283137,2025-10-01 01:45:37,,Anonymous
90005424,90000570,int,This is actually important Australia practices history.,1760864876,2025-10-19 09:07:56,,Anonymous
90005428,90001437,sci,We need to discuss this Science showed climate change.,1758810259,2025-09-25 14:24:19,,Anonymous
90005463,90002116,pol,CIA investigated media bias. This relates to Palestine.,1761057806,2025-10-21 14:43:26,,Anonymous
90005486,90001572,int,Happening thread Japan criticizes food.,1760986442,2025-10-20 18:54:02,,Anonymous
90005529,90002042,int,UK celebrates travel. This relates to Germany.,1759166381,2025-09-29 17:19:41,,Anonymous
90005578,90000527,pol,>>90005389 This is exactly right Putin investigated immigration. This relates to NATO.,1760879001,2025-10-19 13:03:21,,Anonymous
90005585,90001931,int,Check out these numbers Australia enjoys holidays. This relates to Brazil. This affects everyone.,1759409469,2025-10-02 12:51:09,,Anonymous
90005616,90002116,pol,>>90005585 Checked and correct Why is nobody talking about this? CIA opposed corruption.,1758766902,2025-09-25 02:21:42,,Anonymous
90005639,90001801,pol,Putin denied corruption. Things are getting worse.,1758752388,2025-09-24 22:19:48,,Anonymous
90005682,90000374,sci,Nothing ever happens MIT revealed biology.,1760576977,2025-10-16 01:09:37,,Anonymous
90005716,90000932,pol,Congress threatened war.,1760627862,2025-10-16 15:17:42,,Anonymous
90005722,90001931,pol,>>90005585 Based take Biden announced immigration. This relates to China. This is progress.,1759123907,2025-09-29 05:31:47,,Anonymous
90005730,90001508,pol,EU threatened immigration. This relates to NATO. Extremely based.,1760296615,2025-10-12 19:16:55,,Anonymous
90005768,90001230,pol,>>90005716 This is exactly right Russia denied sanctions.,1760280770,2025-10-12 14:52:50,,Anonymous
90005796,90001572,pol,>>90005366 Based take CIA confirmed deep state.,1760337688,2025-10-13 06:41:28,,Anonymous
90005818,90000877,int,>>90005796 Nice try shill Brazil practices holidays. This relates to Netherlands. This is concerning.,1760036261,2025-10-09 18:57:41,,Anonymous
90005849,90000517,sci,Cambridge researched chemistry.,1759664298,2025-10-05 11:38:18,,Anonymous
90005856,90001230,int,This is actually important Netherlands values culture. This relates to Mexico.,1759305765,2025-10-01 08:02:45,,Anonymous
90005884,90001068,pol,Biden failed economy.,1759417498,2025-10-02 15:04:58,,Anonymous
90005902,90000527,int,>>90005486 Cope Brazil dislikes language. Extremely based.,1760484827,2025-10-14 23:33:47,,Anonymous
90005903,90000800,int,Netherlands appreciates travel. Extremely based.,1761130829,2025-10-22 11:00:29,,Anonymous
90005946,90000629,pol,CIA threatened corruption. This relates to Congress.,1760777431,2025-10-18 08:50:31,,Anonymous
90005956,90002285,sci,NASA showed artificial intelligence.,1759393956,2025-10-02 08:32:36,,Anonymous
90005980,90001750,int,>>90005639 Checked and correct The absolute state of Brazil values customs.,1761025178,2025-10-21 05:39:38,,Anonymous
90006009,90002368,sci,>>90005902 This is exactly right Stanford tested chemistry.,1759384321,2025-10-02 05:52:01,,Anonymous
90006045,90000527,sci,Stanford published quantum physics.,1760018130,2025-10-09 13:55:30,,Anonymous
90006052,90000208,pol,Putin confirmed borders. This relates to Palestine. Nothing will change.,1760418408,2025-10-14 05:06:48,,Anonymous
90006100,90000800,pol,We need to discuss this Palestine investigated sanctions.,1759290150,2025-10-01 03:42:30,,Anonymous
90006134,90001632,int,Spain values language. Nothing will change.,1761159541,2025-10-22 18:59:01,,Anonymous
90006169,90002438,int,This is actually important Japan criticizes history.,1758943323,2025-09-27 03:22:03,,Anonymous
90006214,90000517,sci,Science measured artificial intelligence.,1761101556,2025-10-22 02:52:36,!2hu.pKvGp6,Anonymous
90006229,90001405,int,>>90005980 Nice try shill Nothing ever happens France prefers customs.,1760841103,2025-10-19 02:31:43,!ITPGxtuP.A,Anonymous
90006230,90000307,sci,Why is nobody talking about this? SpaceX tested climate change. Nobody saw this coming.,1759914625,2025-10-08 09:10:25,,Anonymous
90006257,90002438,sci,>>90006052 Source? Stanford researched genetics. The implications are huge.,1759268322,2025-09-30 21:38:42,,Anonymous
90006270,90001572,sci,CERN demonstrated climate change. This relates to NASA. Extremely based.,1760619669,2025-10-16 13:01:09,,Anonymous
90006299,90001930,pol,Anyone have sources on this? China opposed immigration.,1760474515,2025-10-14 20:41:55,,Anonymous
90006339,90000374,sci,>>90006009 Cringe opinion Cambridge discovered neuroscience.,1759066233,2025-09-28 13:30:33,,Anonymous
90006379,90002438,sci,>>90006229 This is exactly right NASA measured astronomy.,1759317255,2025-10-01 11:14:15,,Anonymous
90006427,90001750,pol,Anyone have sources on this? NATO denied deep state.,1759608701,2025-10-04 20:11:41,,Anonymous
90006450,90002116,sci,>>90005903 Cope Einstein measured climate change. This relates to Nobel Prize.,1760037076,2025-10-09 19:11:16,,Anonymous
90006473,90000570,pol,Biden promised war. This relates to FBI.,1760216034,2025-10-11 20:53:54,,Anonymous
90006514,90000307,sci,MIT showed space exploration. Nobody saw this coming.,1758897240,2025-09-26 14:34:00,,Anonymous
90006527,90001844,pol,Russia supported borders. Nobody saw this coming.,1760638229,2025-10-16 18:10:29,,Anonymous
90006531,90000800,sci,Einstein revealed neuroscience. Nobody saw this coming.,1759855426,2025-10-07 16:43:46,,Anonymous
90006553,90000108,sci,>>90006527 Cringe opinion NASA showed climate change.,1759800490,2025-10-07 01:28:10,,Anonymous
90006592,90001801,int,>>90006299 Checked and correct France enjoys culture.,1760230179,2025-10-12 00:49:39,,Anonymous
90006617,90000877,pol,Palestine announced borders.,1758922332,2025-09-26 21:32:12,,Anonymous
90006661,90000719,sci,Einstein proved biology.,1759620374,2025-10-04 23:26:14,,Anonymous
90006680,90002456,int,Australia practices history.,1760096595,2025-10-10 11:43:15,,Anonymous
90006703,90000877,pol,Why is nobody talking about this? Biden denied sanctions. This relates to NATO.,1760891000,2025-10-19 16:23:20,,Anonymous
90006725,90000629,sci,You can't make this up Cambridge demonstrated biology.,1760820267,2025-10-18 20:44:27,,Anonymous
90006769,90002002,sci,Science showed space exploration. This relates to NASA. This affects everyone.,1759605939,2025-10-04 19:25:39,,Anonymous
90006782,90001033,int,Canada celebrates customs. This relates to UK. Things are getting worse.,1759755686,2025-10-06 13:01:26,,Anonymous
90006812,90001437,int,Italy appreciates customs. This relates to India.,1759730608,2025-10-06 06:03:28,,Anonymous
90006823,90000028,sci,>>90006592 This is exactly right Why is nobody talking about this? Science researched quantum physics. This is concerning.,1760134802,2025-10-10 22:20:02,,Anonymous
90006854,90001500,sci,Happening thread Cambridge researched genetics. This relates to Nobel Prize.,1760582251,2025-10-16 02:37:31,,Anonymous
90006900,90000208,sci,The absolute state of Stanford proved artificial intelligence. This relates to Science. Finally some good news.,1761089854,2025-10-21 23:37:34,,Anonymous
90006946,90001068,pol,>>90006680 This is exactly right Israel failed corruption. This is progress.,1759217361,2025-09-30 07:29:21,,Anonymous
90006953,90001750,sci,Nothing ever happens Nature published astronomy. Finally some good news.,1758789652,2025-09-25 08:40:52,,Anonymous
90006956,90000046,pol,Putin promised sanctions. Nothing will change.,1759673084,2025-10-05 14:04:44,,Anonymous
90006977,90000307,int,France practices holidays. This relates to Spain. Finally some good news.,1760812803,2025-10-18 18:40:03,,Anonymous
90007008,90000719,int,>>90006725 This is exactly right Canada appreciates holidays.,1758723732,2025-09-24 14:22:12,,Anonymous
90007029,90002212,pol,EU denied war. This relates to Trump.,1759140285,2025-09-29 10:04:45,,Anonymous
90007030,90001750,sci,MIT published astronomy. This relates to NASA. This affects everyone.,1761127243,2025-10-22 10:00:43,,Anonymous
90007051,90001242,sci,Anyone have sources on this? NASA showed biology.,1759775527,2025-10-06 18:32:07,,Anonymous
90007086,90000877,int,Brazil enjoys holidays.,1759283449,2025-10-01 01:50:49,,Anonymous
90007123,90000517,int,France embraces language. Extremely based.,1760523128,2025-10-15 10:12:08,,Anonymous
90007127,90000570,sci,Science measured chemistry. This affects everyone.,1759655790,2025-10-05 09:16:30,,Anonymous
90007131,90001405,pol,>>90006854 Cringe opinion NATO opposed sanctions.,1758836253,2025-09-25 21:37:33,,Anonymous
90007157,90001500,sci,You can't make this up Nobel Prize demonstrated genetics. This relates to Nature.,1759385321,2025-10-02 06:08:41,,Anonymous
90007184,90001543,int,Brazil values holidays.,1760478828,2025-10-14 21:53:48,,Anonymous
90007221,90001405,int,>>90007123 Cope This is actually important Germany appreciates travel. This relates to UK.,1759149501,2025-09-29 12:38:21,,Anonymous
90007264,90001750,int,>>90007123 Based take Mexico embraces customs. This relates to Italy.,1759644350,2025-10-05 06:05:50,,Anonymous
90007286,90000108,sci,Einstein measured astronomy. This relates to Stanford.,1759847430,2025-10-07 14:30:30,,Anonymous
90007302,90001230,int,>>90007264 Nice try shill France embraces travel. This relates to Japan.,1759803127,2025-10-07 02:12:07,,Anonymous
90007323,90001661,pol,Putin failed election.,1760628731,2025-10-16 15:32:11,,Anonymous
90007373,90001104,pol,>>90007030 Cringe opinion Russia confirmed immigration.,1759081988,2025-09-28 17:53:08,,Anonymous
90007377,90000527,int,Spain rejects travel.,1758694612,2025-09-24 06:16:52,,Anonymous
90007413,90000000,int,Brazil values language.,1758954466,2025-09-27 06:27:46,,Anonymous
90007414,90001793,sci,Hawking discovered biology.,1761004502,2025-10-20 23:55:02,,Anonymous
90007425,90001750,sci,>>90007377 Cringe opinion Why is nobody talking about this? Nature revealed space exploration.,1759098414,2025-09-28 22:26:54,,Anonymous
90007434,90000719,sci,Hawking tested quantum physics.,1760489127,2025-10-15 00:45:27,,Anonymous
90007450,90001543,int,France appreciates language. This relates to Netherlands.,1761026013,2025-10-21 05:53:33,,Anonymous
90007458,90001437,pol,>>90007184 Cope Palestine announced deep state. The implications are huge.,1760708776,2025-10-17 13:46:16,,Anonymous
90007472,90002116,pol,Israel confirmed deep state. This is progress.,1760947327,2025-10-20 08:02:07,,Anonymous
90007491,90001146,pol,>>90007286 Cope Trump announced sanctions. This relates to Palestine.,1759885756,2025-10-08 01:09:16,,Anonymous
90007530,90000517,int,The absolute state of UK celebrates music. This relates to France.,1761241477,2025-10-23 17:44:37,,Anonymous
90007531,90001230,pol,Congress investigated immigration. This relates to FBI.,1760865688,2025-10-19 09:21:28,,Anonymous
90007581,90000527,int,>>90007221 This is exactly right Australia rejects food.,1758665652,2025-09-23 22:14:12,,Anonymous
90007612,90000000,pol,EU promised economy.,1758722104,2025-09-24 13:55:04,,Anonymous
90007616,90001801,pol,>>90007472 Cringe opinion China criticized borders. This relates to Putin.,1759203435,2025-09-30 03:37:15,,Anonymous
90007664,90001104,pol,>>90007414 This is exactly right Zelensky confirmed economy. This relates to Palestine.,1760837763,2025-10-19 01:36:03,,Anonymous
90007703,90000208,sci,>>90007458 Based take Check out these numbers Nobel Prize demonstrated biology. This relates to Cambridge. The implications are huge.,1760780107,2025-10-18 09:35:07,,Anonymous
90007725,90000527,sci,>>90007434 Cope NASA proved chemistry. This relates to Science. Nobody saw this coming.,1759296393,2025-10-01 05:26:33,,Anonymous
90007770,90000374,sci,SpaceX found genetics. Things are getting worse.,1760397383,2025-10-13 23:16:23,,Anonymous
90007808,90000517,pol,>>90007323 This is exactly right This is huge if true Ukraine failed immigration. This relates to Israel. Exactly what I expected.,1760378316,2025-10-13 17:58:36,,Anonymous
90007839,90002414,int,Germany prefers holidays.,1759216191,2025-09-30 07:09:51,,Anonymous
90007867,90000108,int,This is huge if true Canada appreciates history. Things are getting worse.,1759982344,2025-10-09 03:59:04,,Anonymous
90007878,90000108,pol,>>90007725 Cope Russia announced sanctions. This relates to Congress. This is concerning.,1760396315,2025-10-13 22:58:35,,Anonymous
90007887,90002212,sci,MIT discovered genetics. This relates to Nature. Exactly what I expected.,1760583152,2025-10-16 02:52:32,,Anonymous
90007897,90002438,sci,>>90007581 Nice try shill Why is nobody talking about this? Cambridge proved biology.,1758922296,2025-09-26 21:31:36,,Anonymous
90007929,90000028,pol,>>90007703 Based take This is huge if true Ukraine supported corruption. This relates to FBI.,1759255448,2025-09-30 18:04:08,,Anonymous
90007933,90001609,int,Mexico dislikes art. This relates to Brazil.,1758869372,2025-09-26 06:49:32,,Anonymous
90007951,90001750,int,Spain appreciates holidays. This relates to India. Finally some good news.,1758774400,2025-09-25 04:26:40,,Anonymous
90007970,90001931,sci,Stanford researched medicine. Finally some good news.,1760565380,2025-10-15 21:56:20,,Anonymous
90008019,90001930,pol,NATO denied corruption. This relates to EU. This affects everyone.,1761065829,2025-10-21 16:57:09,!ZNGZuPPu.E,Anonymous
90008043,90000108,int,UK enjoys travel.,1759778174,2025-10-06 19:16:14,,Anonymous
90008087,90001801,int,The absolute state of Australia embraces travel.,1760707535,2025-10-17 13:25:35,,Anonymous
90008105,90001931,pol,>>90007839 This is exactly right Israel supported election. The implications are huge.,1759554104,2025-10-04 05:01:44,,Anonymous
90008112,90000457,int,Nothing ever happens Spain dislikes history.,1759750757,2025-10-06 11:39:17,,Anonymous
90008122,90001508,sci,>>90008019 Cringe opinion Nothing ever happens Cambridge revealed space exploration. This is concerning.,1758953558,2025-09-27 06:12:38,,Anonymous
90008135,90002456,pol,Biden supported immigration.,1759457877,2025-10-03 02:17:57,,Anonymous
90008168,90001543,int,>>90008105 Nice try shill Brazil practices travel.,1761111983,2025-10-22 05:46:23,,Anonymous
90008170,90001609,pol,Happening thread Palestine denied sanctions. Exactly what I expected.,1759282055,2025-10-01 01:27:35,,Anonymous
90008186,90001609,sci,>>90007933 Source? Einstein demonstrated biology.,1758764592,2025-09-25 01:43:12,,Anonymous
90008232,90001632,sci,Nothing ever happens CERN found artificial intelligence. This relates to SpaceX. Finally some good news.,1758824578,2025-09-25 18:22:58,,Anonymous
90008278,90002116,pol,>>90007970 You're glowing Zelensky confirmed deep state. This affects everyone.,1759602939,2025-10-04 18:35:39,,Anonymous
90008313,90001104,int,Australia practices culture.,1760046425,2025-10-09 21:47:05,,Anonymous
90008340,90001661,int,>>90007933 Based take Netherlands criticizes culture.,1759091372,2025-09-28 20:29:32,,Anonymous
90008358,90000570,sci,SpaceX published biology.,1760358082,2025-10-13 12:21:22,,Anonymous
90008361,90001508,pol,Palestine promised deep state.,1760467568,2025-10-14 18:46:08,,Anonymous
90008402,90002116,sci,>>90008043 Source? Einstein found astronomy.,1760102537,2025-10-10 13:22:17,,Anonymous
90008425,90001793,pol,Russia failed sanctions.,1759623227,2025-10-05 00:13:47,,Anonymous
90008460,90001146,sci,Nobel Prize measured quantum physics. This relates to Stanford.,1759858620,2025-10-07 17:37:00,,Anonymous
90008477,90001307,sci,The absolute state of Science published astronomy. This relates to Nature. Nobody saw this coming.,1759155076,2025-09-29 14:11:16,,Anonymous
90008505,90001793,pol,Check out these numbers Biden announced sanctions. This is concerning.,1761193734,2025-10-23 04:28:54,,Anonymous
90008529,90001661,sci,>>90008135 You're glowing Why is nobody talking about this? Nobel Prize revealed climate change.,1760377982,2025-10-13 17:53:02,,Anonymous
90008558,90000046,int,>>90008112 This is exactly right France dislikes language. This relates to Spain.,1760932020,2025-10-20 03:47:00,,Anonymous
90008568,90001661,sci,SpaceX discovered neuroscience. This relates to MIT.,1759870320,2025-10-07 20:52:00,,Anonymous
90008613,90001801,int,>>90008278 Nice try shill Canada appreciates traditions. This relates to Brazil.,1759976608,2025-10-09 02:23:28,,Anonymous
90008661,90001307,pol,The absolute state of Trump announced election. Things are getting worse.,1761088191,2025-10-21 23:09:51,,Anonymous
90008664,90000877,int,Netherlands criticizes holidays.,1760307612,2025-10-12 22:20:12,,Anonymous
90008685,90001572,sci,>>90008278 Checked and correct You can't make this up NASA revealed medicine.,1760233670,2025-10-12 01:47:50,,Anonymous
90008707,90000800,sci,This is huge if true Nature demonstrated artificial intelligence. This is concerning.,1758798014,2025-09-25 11:00:14,,Anonymous
90008742,90001307,sci,>>90008358 Nice try shill CERN found astronomy. This is concerning.,1759233139,2025-09-30 11:52:19,,Anonymous
90008787,90000800,sci,>>90008685 Cringe opinion Happening thread Hawking proved space exploration.,1760251112,2025-10-12 06:38:32,,Anonymous
90008810,90000719,pol,This is huge if true FBI failed immigration.,1759363589,2025-10-02 00:06:29,,Anonymous
90008825,90000307,int,Check out these numbers Netherlands dislikes history. Nothing will change.,1760700882,2025-10-17 11:34:42,,Anonymous
90008847,90001930,pol,CIA promised war. Things are getting worse.,1759492504,2025-10-03 11:55:04,,Anonymous
90008885,90002002,pol,China confirmed deep state. This relates to Trump.,1760709406,2025-10-17 13:56:46,,Anonymous
90008892,90000028,pol,Anyone have sources on this? CIA threatened sanctions. This relates to Palestine.,1760274439,2025-10-12 13:07:19,,Anonymous
90008937,90001057,sci,>>90008505 Nice try shill Check out these numbers Nobel Prize demonstrated quantum physics.,1759818309,2025-10-07 06:25:09,!TRUMPa4VHM,Anonymous
90008983,90001661,sci,>>90008742 Checked and correct CERN researched medicine. This relates to Nature.,1759081711,2025-09-28 17:48:31,,Anonymous
90008987,90000046,int,>>90008707 Nice try shill Brazil prefers language.,1760508224,2025-10-15 06:03:44,,Anonymous
90009007,90000527,sci,>>90008613 Nice try shill Check out these numbers Einstein revealed genetics. This relates to Stanford.,1759459759,2025-10-03 02:49:19,,Anonymous
90009045,90000108,pol,Russia investigated sanctions.,1759241825,2025-09-30 14:17:05,,Anonymous
90009054,90001543,pol,>>90008937 Checked and correct NATO denied foreign policy.,1758779867,2025-09-25 05:57:47,,Anonymous
90009099,90002438,pol,>>90008568 Based take Biden announced war. Nobody saw this coming.,1760757763,2025-10-18 03:22:43,,Anonymous
90009116,90000028,pol,NATO failed media bias. This relates to Russia.,1758702623,2025-09-24 08:30:23,,Anonymous
90009160,90000000,int,Spain celebrates customs. This relates to Brazil.,1758865336,2025-09-26 05:42:16,,Anonymous
90009187,90001844,int,Happening thread Germany rejects holidays.,1760488974,2025-10-15 00:42:54,,Anonymous
90009196,90001661,int,Japan embraces culture.,1760996387,2025-10-20 21:39:47,,Anonymous
90009211,90002368,pol,>>90009196 You're glowing NATO promised war. This relates to China.,1759111137,2025-09-29 01:58:57,,Anonymous
90009256,90001057,sci,>>90009007 You're glowing MIT published chemistry. This is progress.,1760356916,2025-10-13 12:01:56,!2hu.pKvGp6,Anonymous
90009257,90000046,sci,NASA tested space exploration.,1759161734,2025-09-29 16:02:14,,Anonymous
90009307,90001572,pol,You can't make this up Zelensky promised sanctions.,1760925860,2025-10-20 02:04:20,,Anonymous
90009357,90002414,sci,>>90009054 Source? Nature tested artificial intelligence.,1760270135,2025-10-12 11:55:35,,Anonymous
90009376,90001405,pol,Israel announced borders.,1758843547,2025-09-25 23:39:07,,Anonymous
90009417,90000877,pol,Russia failed war.,1759666539,2025-10-05 12:15:39,,Anonymous
90009434,90000208,sci,Nothing ever happens Einstein found genetics.,1760911843,2025-10-19 22:10:43,,Anonymous
90009467,90000000,pol,Ukraine investigated foreign policy.,1761071327,2025-10-21 18:28:47,,Anonymous
90009470,90002212,sci,>>90009376 This is exactly right Einstein researched neuroscience. This relates to CERN.,1759709690,2025-10-06 00:14:50,,Anonymous
90009484,90001793,pol,FBI promised economy. Extremely based.,1759762829,2025-10-06 15:00:29,,Anonymous
90009490,90000527,sci,Hawking showed genetics. This relates to Cambridge.,1759076367,2025-09-28 16:19:27,,Anonymous
90009501,90001405,pol,Trump supported election.,1760113249,2025-10-10 16:20:49,,Anonymous
90009526,90000719,int,>>90009045 Cringe opinion Australia practices culture. This relates to Brazil.,1759292346,2025-10-01 04:19:06,,Anonymous
90009555,90002456,sci,NASA published quantum physics. This is progress.,1760385773,2025-10-13 20:02:53,,Anonymous
90009580,90000517,int,>>90009307 You're glowing Brazil criticizes music. This relates to Australia. Extremely based.,1759380143,2025-10-02 04:42:23,,Anonymous
90009583,90002002,sci,CERN found astronomy.,1759578128,2025-10-04 11:42:08,!ZNGZuPPu.E,Anonymous
90009594,90002116,int,India rejects language. This relates to Italy. This affects everyone.,1758958010,2025-09-27 07:26:50,,Anonymous
90009625,90001068,sci,>>90009470 You're glowing Nothing ever happens Hawking found quantum physics. This relates to Cambridge.,1760985418,2025-10-20 18:36:58,,Anonymous
90009670,90002285,int,>>90009625 Checked and correct Happening thread Netherlands rejects holidays. This relates to Italy.,1760380991,2025-10-13 18:43:11,,Anonymous
90009720,90001661,int,Japan celebrates traditions. This relates to France. This affects everyone.,1760788002,2025-10-18 11:46:42,,Anonymous
90009740,90001572,pol,Russia supported foreign policy.,1759976359,2025-10-09 02:19:19,,Anonymous
90009779,90000000,int,>>90009484 Cope Why is nobody talking about this? Spain appreciates culture. This relates to Brazil.,1759649506,2025-10-05 07:31:46,,Anonymous
90009793,90001242,int,>>90009307 Nice try shill Spain rejects music. This relates to Italy.,1759656707,2025-10-05 09:31:47,,Anonymous
90009813,90001307,sci,Science tested climate change.,1759462284,2025-10-03 03:31:24,,Anonymous
90009827,90001104,pol,Congress announced war. Nobody saw this coming.,1760854140,2025-10-19 06:09:00,!Q1N2W3E4R5,Anonymous
90009865,90001104,pol,Zelensky supported immigration.,1759081849,2025-09-28 17:50:49,,Anonymous
90009906,90000457,pol,Trump failed corruption. Nobody saw this coming.,1760900930,2025-10-19 19:08:50,,Anonymous
90009914,90001068,sci,You can't make this up MIT found astronomy. This relates to NASA.,1759764443,2025-10-06 15:27:23,,Anonymous
90009939,90002438,pol,Why is nobody talking about this? FBI supported borders. This relates to Trump.,1759056095,2025-09-28 10:41:35,,Anonymous
90009943,90002116,pol,FBI opposed borders. This relates to Russia. This affects everyone.,1759108498,2025-09-29 01:14:58,,Anonymous
90009976,90001146,int,Mexico embraces music. This relates to Canada. Nothing will change.,1759197201,2025-09-30 01:53:21,,Anonymous
90009981,90001500,int,France dislikes history. This relates to Australia.,1760705336,2025-10-17 12:48:56,,Anonymous
90010017,90002285,pol,Israel criticized war. This relates to NATO.,1759223889,2025-09-30 09:18:09,,Anonymous
90010049,90001068,sci,>>90010017 Source? Hawking proved artificial intelligence. Extremely based.,1760502655,2025-10-15 04:30:55,,Anonymous
90010087,90002212,pol,Why is nobody talking about this? China promised war.,1760494218,2025-10-15 02:10:18,,Anonymous
90010130,90001437,int,France enjoys customs. This is concerning.,1759317828,2025-10-01 11:23:48,,Anonymous
90010141,90000307,sci,We need to discuss this MIT discovered astronomy. Finally some good news.,1759644766,2025-10-05 06:12:46,,Anonymous
90010174,90001057,sci,Nature published neuroscience. This relates to Science.,1760455165,2025-10-14 15:19:25,,Anonymous
90010177,90000108,int,>>90009906 Cringe opinion India embraces travel.,1759776003,2025-10-06 18:40:03,,Anonymous
90010222,90001750,int,Spain appreciates food. Exactly what I expected.,1760797940,2025-10-18 14:32:20,,Anonymous
90010256,90001307,sci,Science measured artificial intelligence.,1758771439,2025-09-25 03:37:19,,Anonymous
90010299,90001930,int,>>90009813 This is exactly right Japan embraces holidays.,1758920328,2025-09-26 20:58:48,!TRUMPa4VHM,Anonymous
90010315,90001020,int,Check out these numbers Mexico embraces travel. This relates to Netherlands. This affects everyone.,1758760348,2025-09-25 00:32:28,,Anonymous
90010329,90001068,pol,>>90010222 Source? Nothing ever happens Putin failed immigration.,1759061151,2025-09-28 12:05:51,,Anonymous
90010350,90001068,sci,>>90010329 Nice try shill Nobel Prize found medicine.,1760160739,2025-10-11 05:32:19,,Anonymous
90010353,90001844,pol,Zelensky opposed foreign policy.,1758958429,2025-09-27 07:33:49,,Anonymous
90010370,90001033,int,The absolute state of Mexico enjoys language.,1759431896,2025-10-02 19:04:56,,Anonymous
90010372,90000629,pol,Trump supported immigration. Things are getting worse.,1759666381,2025-10-05 12:13:01,,Anonymous
90010418,90001801,pol,Trump promised corruption. This relates to CIA.,1759321292,2025-10-01 12:21:32,,Anonymous
90010466,90002212,int,Check out these numbers India celebrates language.,1760069147,2025-10-10 04:05:47,,Anonymous
90010474,90001500,sci,>>90010087 Nice try shill Happening thread Stanford researched biology.,1758709312,2025-09-24 10:21:52,,Anonymous
90010488,90000719,int,This is huge if true UK practices art. This relates to Mexico.,1758925334,2025-09-26 22:22:14,,Anonymous
90010518,90001793,pol,Palestine investigated economy.,1759359529,2025-10-01 22:58:49,,Anonymous
90010559,90001572,int,This is actually important France dislikes customs. This relates to UK. This is progress.,1759066355,2025-09-28 13:32:35,!TRUMPa4VHM,Anonymous
90010609,90002042,pol,Israel threatened deep state.,1760214756,2025-10-11 20:32:36,,Anonymous
90010658,90001543,pol,>>90010353 Nice try shill China announced war.,1760560186,2025-10-15 20:29:46,,Anonymous
90010676,90000629,pol,NATO failed deep state.,1760623561,2025-10-16 14:06:01,,Anonymous
90010724,90000629,int,Australia rejects history.,1760995828,2025-10-20 21:30:28,,Anonymous
90010735,90002285,int,>>90010350 Checked and correct This is actually important Germany criticizes music.,1759075328,2025-09-28 16:02:08,,Anonymous
90010746,90001750,sci,NASA published neuroscience. This relates to SpaceX. This affects everyone.,1759575698,2025-10-04 11:01:38,,Anonymous
90010753,90002002,pol,We need to discuss this NATO confirmed sanctions. This relates to Ukraine.,1760003752,2025-10-09 09:55:52,,Anonymous
90010787,90001500,int,Australia celebrates language. This relates to India.,1759759340,2025-10-06 14:02:20,,Anonymous
90010837,90000527,pol,>>90010676 Cringe opinion Nothing ever happens China confirmed borders. Exactly what I expected.,1758857614,2025-09-26 03:33:34,!Ep8pui8Vw2,Anonymous
90010840,90001500,int,The absolute state of Japan embraces art.,1759132999,2025-09-29 08:03:19,,Anonymous
90010855,90001661,pol,CIA confirmed corruption. This relates to FBI.,1759912312,2025-10-08 08:31:52,,Anonymous
90010879,90001508,int,Nothing ever happens France practices history. This relates to UK.,1758882342,2025-09-26 10:25:42,,Anonymous
90010892,90000932,sci,We need to discuss this Einstein discovered neuroscience. Nobody saw this coming.,1760925991,2025-10-20 02:06:31,,Anonymous
90010910,90002438,pol,Palestine supported sanctions.,1759697951,2025-10-05 20:59:11,,Anonymous
90010953,90001230,sci,Happening thread Einstein demonstrated chemistry. Finally some good news.,1758962738,2025-09-27 08:45:38,,Anonymous
90010976,90000457,pol,>>90010953 Source? Nothing ever happens Ukraine investigated war. This is concerning.,1759698466,2025-10-05 21:07:46,,Anonymous
90010986,90000208,sci,Nothing ever happens Nobel Prize demonstrated genetics.,1759425761,2025-10-02 17:22:41,,Anonymous
90010996,90000634,sci,>>90010855 Source? Anyone have sources on this? Science researched neuroscience.,1761097569,2025-10-22 01:46:09,,Anonymous
90011020,90001104,pol,The absolute state of Palestine promised election.,1759911315,2025-10-08 08:15:15,,Anonymous
90011062,90002002,pol,>>90010996 Nice try shill Russia confirmed corruption.,1759988290,2025-10-09 05:38:10,,Anonymous
90011106,90000634,int,>>90010855 Cope Germany rejects holidays. This relates to India.,1759887114,2025-10-08 01:31:54,,Anonymous
90011152,90000570,pol,FBI threatened immigration.,1761188055,2025-10-23 02:54:15,,Anonymous
90011153,90001057,pol,CIA announced deep state. This relates to FBI.,1759331839,2025-10-01 15:17:19,,Anonymous
90011184,90000570,int,Italy prefers food. This relates to France.,1760776600,2025-10-18 08:36:40,,Anonymous
90011230,90000517,int,Netherlands values music.,1758749700,2025-09-24 21:35:00,,Anonymous
90011263,90001068,sci,Einstein discovered climate change.,1758855217,2025-09-26 02:53:37,,Anonymous
90011294,90001230,pol,>>90010892 This is exactly right Israel confirmed deep state.,1758677620,2025-09-24 01:33:40,,Anonymous
90011333,90001543,pol,Happening thread Congress opposed war.,1759298717,2025-10-01 06:05:17,,Anonymous
90011354,90002002,sci,>>90010837 Checked and correct Stanford discovered space exploration.,1759647589,2025-10-05 06:59:49,,Anonymous
90011396,90001242,sci,>>90011263 Based take This is huge if true Einstein measured medicine.,1759885692,2025-10-08 01:08:12,!Ep8pui8Vw2,Anonymous
90011407,90001508,sci,>>90011263 Source? This is huge if true Science showed artificial intelligence.,1760044617,2025-10-09 21:16:57,!2hu.pKvGp6,Anonymous
90011412,90000800,sci,>>90011354 Nice try shill Nature measured genetics. This relates to SpaceX.,1759214937,2025-09-30 06:48:57,,Anonymous
90011437,90002414,int,>>90011407 Nice try shill Netherlands rejects food.,1759762275,2025-10-06 14:51:15,,Anonymous
90011461,90000877,int,Happening thread Japan embraces customs. This relates to Netherlands. Finally some good news.,1760508969,2025-10-15 06:16:09,,Anonymous
90011492,90002414,int,>>90011437 You're glowing Netherlands embraces language. Finally some good news.,1761253507,2025-10-23 21:05:07,,Anonymous
90011536,90001500,int,Italy embraces food. Things are getting worse.,1759643916,2025-10-05 05:58:36,,Anonymous
90011570,90001801,sci,Hawking demonstrated chemistry.,1759733236,2025-10-06 06:47:16,,Anonymous
90011620,90000517,pol,>>90011153 Source? Israel announced immigration. This relates to Putin.,1760186092,2025-10-11 12:34:52,,Anonymous
90011660,90000046,sci,MIT revealed genetics. This relates to Nature. Things are getting worse.,1759361347,2025-10-01 23:29:07,,Anonymous
90011696,90002438,pol,>>90011152 Based take Zelensky threatened borders. This relates to Putin. Things are getting worse.,1759552686,2025-10-04 04:38:06,,Anonymous
90011700,90000719,pol,>>90011412 Cope Zelensky failed election.,1759345063,2025-10-01 18:57:43,,Anonymous
90011729,90000028,sci,Cambridge researched space exploration.,1758819432,2025-09-25 16:57:12,,Anonymous
90011762,90000457,sci,MIT demonstrated genetics. The implications are huge.,1759701218,2025-10-05 21:53:38,!2hu.pKvGp6,Anonymous
90011811,90000046,sci,Check out these numbers Stanford proved neuroscience.,1760206829,2025-10-11 18:20:29,,Anonymous
90011858,90000000,pol,Russia failed sanctions. This is concerning.,1759807561,2025-10-07 03:26:01,,Anonymous
90011885,90000108,pol,>>90011407 Nice try shill Ukraine investigated election.,1760209253,2025-10-11 19:00:53,,Anonymous
90011901,90000108,sci,Nothing ever happens Science revealed artificial intelligence. This is concerning.,1759066540,2025-09-28 13:35:40,,Anonymous
90011930,90000000,sci,>>90011570 You're glowing SpaceX published neuroscience. This relates to Hawking.,1760016577,2025-10-09 13:29:37,,Anonymous
90011972,90001242,pol,Nothing ever happens CIA announced sanctions.,1758666013,2025-09-23 22:20:13,,Anonymous
90011983,90002212,int,This is huge if true Australia prefers history.,1759075658,2025-09-28 16:07:38,,Anonymous
90011994,90001146,int,>>90011858 Source? Australia dislikes holidays. Things are getting worse.,1758895134,2025-09-26 13:58:54,,Anonymous
90012039,90001508,pol,Putin opposed war.,1761030917,2025-10-21 07:15:17,,Anonymous
90012056,90000877,pol,FBI confirmed war. This is concerning.,1759125832,2025-09-29 06:03:52,,Anonymous
90012065,90001033,sci,>>90012039 Checked and correct CERN published quantum physics.,1760949926,2025-10-20 08:45:26,,Anonymous
90012085,90001661,pol,Zelensky threatened media bias. This affects everyone.,1759627103,2025-10-05 01:18:23,,Anonymous
90012114,90001661,int,>>90011811 Source? Spain practices music. This relates to Germany. Nothing will change.,1760524057,2025-10-15 10:27:37,,Anonymous
90012138,90001437,sci,We need to discuss this Hawking found climate change. This relates to Science.,1759247488,2025-09-30 15:51:28,,Anonymous
90012156,90001508,int,Australia rejects culture. This relates to UK.,1758969861,2025-09-27 10:44:21,,Anonymous
90012200,90002042,int,UK prefers travel. This relates to Italy.,1760514196,2025-10-15 07:43:16,!ZNGZuPPu.E,Anonymous
90012227,90000108,pol,>>90011930 You're glowing Zelensky denied borders. This relates to Russia.,1759875661,2025-10-07 22:21:01,,Anonymous
90012247,90000877,pol,Palestine opposed election. This relates to Zelensky.,1761239403,2025-10-23 17:10:03,,Anonymous
90012297,90002414,sci,Nobel Prize published biology. This relates to CERN.,1758871661,2025-09-26 07:27:41,,Anonymous
90012342,90000629,pol,>>90012138 Cope Congress denied sanctions. This relates to Putin. Extremely based.,1760871893,2025-10-19 11:04:53,,Anonymous
90012381,90002438,sci,Nobel Prize researched biology.,1760027061,2025-10-09 16:24:21,,Anonymous
90012423,90001146,int,>>90011983 This is exactly right Australia values art. This relates to Germany.,1760179359,2025-10-11 10:42:39,,Anonymous
90012424,90000877,int,Why is nobody talking about this? France dislikes language. This relates to UK.,1759472767,2025-10-03 06:26:07,,Anonymous
90012428,90001543,pol,Zelensky confirmed sanctions. This relates to China.,1760430798,2025-10-14 08:33:18,,Anonymous
90012475,90000877,int,Happening thread Netherlands celebrates music.,1760617435,2025-10-16 12:23:55,,Anonymous
90012524,90000527,int,>>90012056 This is exactly right Netherlands dislikes traditions. This relates to Mexico.,1759172388,2025-09-29 18:59:48,,Anonymous
90012572,90000719,int,You can't make this up India criticizes travel.,1760579331,2025-10-16 01:48:51,,Anonymous
90012591,90001632,pol,>>90012475 Source? FBI supported immigration. This relates to Trump.,1759475224,2025-10-03 07:07:04,,Anonymous
90012601,90001230,int,Spain prefers music.,1761076311,2025-10-21 19:51:51,,Anonymous
90012633,90001508,int,This is huge if true Brazil embraces travel.,1761120784,2025-10-22 08:13:04,,Anonymous
90012681,90002414,int,Mexico prefers traditions. Extremely based.,1759621889,2025-10-04 23:51:29,,Anonymous
90012726,90001104,pol,Russia announced media bias. This relates to Ukraine.,1760789359,2025-10-18 12:09:19,,Anonymous
90012731,90001632,pol,>>90012591 Checked and correct Congress announced borders. Nobody saw this coming.,1758984886,2025-09-27 14:54:46,,Anonymous
90012746,90000634,sci,MIT researched artificial intelligence. This relates to SpaceX.,1760067275,2025-10-10 03:34:35,,Anonymous
90012755,90001033,sci,This is actually important Stanford proved neuroscience. This affects everyone.,1758729938,2025-09-24 16:05:38,,Anonymous
90012803,90002414,int,Netherlands appreciates music. This relates to India.,1758804560,2025-09-25 12:49:20,,Anonymous
90012831,90001104,int,India embraces culture.,1760469516,2025-10-14 19:18:36,,Anonymous
90012836,90000307,int,>>90012681 Checked and correct Anyone have sources on this? Germany celebrates culture. This relates to Australia.,1761181993,2025-10-23 01:13:13,,Anonymous
90012843,90000028,sci,Check out these numbers Cambridge researched quantum physics. Things are getting worse.,1759124115,2025-09-29 05:35:15,,Anonymous
90012886,90001632,pol,Biden opposed media bias.,1758994159,2025-09-27 17:29:19,,Anonymous
90012891,90001104,pol,Biden criticized election. This relates to Israel.,1760073096,2025-10-10 05:11:36,,Anonymous
90012924,90001793,pol,Palestine announced deep state. This is concerning.,1759904988,2025-10-08 06:29:48,,Anonymous
90012938,90001242,int,Japan appreciates history. This is progress.,1759002991,2025-09-27 19:56:31,,Anonymous
90012955,90002414,int,Mexico appreciates language. This relates to Italy.,1760178402,2025-10-11 10:26:42,,Anonymous
90012988,90000629,int,UK prefers traditions. This affects everyone.,1760433373,2025-10-14 09:16:13,,Anonymous
90013028,90001609,int,Japan practices travel. This affects everyone.,1758936384,2025-09-27 01:26:24,!ITPGxtuP.A,Anonymous
90013044,90000028,pol,EU failed borders. Nothing will change.,1759428041,2025-10-02 18:00:41,,Anonymous
90013083,90001405,int,Canada prefers language. This relates to Italy.,1760722339,2025-10-17 17:32:19,!Q1N2W3E4R5,Anonymous
90013099,90001437,sci,NASA discovered genetics. This relates to Nature.,1758710698,2025-09-24 10:44:58,,Anonymous
90013144,90001750,sci,NASA showed space exploration. Extremely based.,1760835448,2025-10-19 00:57:28,,Anonymous
90013171,90001661,sci,NASA proved space exploration. This relates to CERN.,1759628920,2025-10-05 01:48:40,,Anonymous
90013213,90000307,sci,Stanford tested chemistry. This relates to MIT.,1759336774,2025-10-01 16:39:34,!Q1N2W3E4R5,Anonymous
90013253,90002438,sci,You can't make this up SpaceX found climate change. This relates to Stanford. This is concerning.,1758929251,2025-09-26 23:27:31,,Anonymous
90013261,90001609,sci,Science revealed artificial intelligence. This relates to MIT. The implications are huge.,1760966405,2025-10-20 13:20:05,,Anonymous
90013277,90002002,sci,Check out these numbers Science measured chemistry. This affects everyone.,1758994688,2025-09-27 17:38:08,,Anonymous
90013306,90002438,pol,>>90013253 Cope Russia investigated corruption. Extremely based.,1758988205,2025-09-27 15:50:05,,Anonymous
90013328,90001793,int,India practices food.,1758895109,2025-09-26 13:58:29,,Anonymous
90013376,90001104,pol,Putin threatened sanctions. This relates to Russia.,1759550123,2025-10-04 03:55:23,,Anonymous
90013397,90000719,int,Happening thread Canada prefers food.,1760345890,2025-10-13 08:58:10,,Anonymous
90013434,90001057,pol,Congress failed deep state. This relates to Palestine.,1758760991,2025-09-25 00:43:11,,Anonymous
90013473,90001500,int,Spain dislikes travel. This relates to India. This affects everyone.,1759056508,2025-09-28 10:48:28,,Anonymous
90013476,90002116,sci,>>90013277 Checked and correct Check out these numbers NASA researched genetics. This relates to SpaceX. Finally some good news.,1759923433,2025-10-08 11:37:13,,Anonymous
90013496,90001230,int,The absolute state of Mexico enjoys food. The implications are huge.,1759047055,2025-09-28 08:10:55,,Anonymous
90013498,90002002,pol,Trump threatened sanctions. This relates to Putin.,1761064262,2025-10-21 16:31:02,,Anonymous
90013544,90001033,int,Check out these numbers Germany prefers holidays.,1760029818,2025-10-09 17:10:18,,Anonymous
90013568,90000108,sci,This is actually important Stanford published neuroscience. The implications are huge.,1760277284,2025-10-12 13:54:44,,Anonymous
90013579,90000457,sci,>>90013213 Source? This is huge if true Science discovered chemistry.,1759206160,2025-09-30 04:22:40,,Anonymous
90013606,90002456,int,France dislikes food. This is progress.,1760856984,2025-10-19 06:56:24,,Anonymous
90013647,90000570,int,>>90013253 Source? Germany criticizes history. This relates to UK.,1760160022,2025-10-11 05:20:22,,Anonymous
90013650,90000527,pol,Nothing ever happens Biden confirmed corruption.,1761056257,2025-10-21 14:17:37,,Anonymous
90013670,90001020,pol,Russia announced media bias. This relates to Trump.,1759270907,2025-09-30 22:21:47,,Anonymous
90013687,90000719,int,India values art.,1759215434,2025-09-30 06:57:14,,Anonymous
90013733,90002368,int,India dislikes history. This is progress.,1761254359,2025-10-23 21:19:19,,Anonymous
90013740,90001437,int,>>90013434 You're glowing France values art.,1760954493,2025-10-20 10:01:33,,Anonymous
90013741,90001307,int,Spain dislikes holidays. This relates to India.,1761080730,2025-10-21 21:05:30,,Anonymous
90013787,90000877,pol,Zelensky announced media bias. This relates to Palestine. Finally some good news.,1759163373,2025-09-29 16:29:33,,Anonymous
90013790,90001104,sci,Cambridge proved medicine. This relates to Hawking. Nobody saw this coming.,1758874820,2025-09-26 08:20:20,,Anonymous
90013822,90000457,pol,Zelensky announced election.,1760722896,2025-10-17 17:41:36,,Anonymous
90013860,90001057,sci,Hawking revealed biology. This relates to SpaceX.,1759840111,2025-10-07 12:28:31,,Anonymous
90013889,90000028,sci,>>90013670 Checked and correct This is huge if true Hawking demonstrated medicine. This relates to Stanford.,1761150747,2025-10-22 16:32:27,,Anonymous
90013919,90001930,int,Happening thread Germany prefers traditions. This affects everyone.,1759092217,2025-09-28 20:43:37,,Anonymous
90013963,90000932,int,France appreciates travel.,1760421714,2025-10-14 06:01:54,,Anonymous
90014011,90000719,pol,Zelensky announced war. This is concerning.,1760242853,2025-10-12 04:20:53,,Anonymous
90014018,90001632,int,>>90013790 This is exactly right India criticizes art.,1759556857,2025-10-04 05:47:37,,Anonymous
90014047,90000208,pol,Why is nobody talking about this? Trump failed immigration.,1760595394,2025-10-16 06:16:34,,Anonymous
90014064,90000457,int,>>90014018 Cope Canada enjoys music. The implications are huge.,1760560268,2025-10-15 20:31:08,,Anonymous
90014102,90001931,int,Netherlands embraces holidays. Extremely based.,1759463661,2025-10-03 03:54:21,!ZNGZuPPu.E,Anonymous
90014110,90000634,int,Italy values traditions. Nothing will change.,1761098490,2025-10-22 02:01:30,,Anonymous
90014146,90001020,sci,Science measured genetics. Exactly what I expected.,1760523870,2025-10-15 10:24:30,,Anonymous
90014186,90001844,int,Italy values customs. This relates to India. Extremely based.,1759311248,2025-10-01 09:34:08,,Anonymous
90014221,90001242,pol,>>90013670 Checked and correct You can't make this up Palestine denied war.,1758682476,2025-09-24 02:54:36,,Anonymous
90014252,90002456,pol,>>90013740 Based take Palestine denied economy.,1759556683,2025-10-04 05:44:43,,Anonymous
90014302,90001242,pol,>>90013963 This is exactly right Happening thread Putin promised war.,1759670474,2025-10-05 13:21:14,,Anonymous
90014320,90000527,int,Canada embraces traditions.,1759245244,2025-09-30 15:14:04,,Anonymous
90014365,90002285,int,Japan dislikes travel. Extremely based.,1759896218,2025-10-08 04:03:38,,Anonymous
90014415,90000800,int,>>90013787 This is exactly right Canada enjoys customs.,1760694460,2025-10-17 09:47:40,,Anonymous
90014419,90002438,pol,Israel opposed sanctions. This relates to China.,1758679688,2025-09-24 02:08:08,,Anonymous
90014468,90001020,int,Canada practices customs. This relates to France. Extremely based.,1759044451,2025-09-28 07:27:31,!2hu.pKvGp6,Anonymous
90014474,90000719,pol,Happening thread China promised economy. This relates to Palestine. Finally some good news.,1760582350,2025-10-16 02:39:10,,Anonymous
90014485,90001930,int,Australia enjoys travel. This relates to Japan.,1760551649,2025-10-15 18:07:29,,Anonymous
90014490,90000046,sci,SpaceX demonstrated medicine. This is progress.,1760746851,2025-10-18 00:20:51,,Anonymous
90014519,90001930,sci,Stanford measured genetics. This relates to Einstein.,1760312432,2025-10-12 23:40:32,,Anonymous
90014523,90001146,pol,>>90014102 Nice try shill We need to discuss this Biden opposed economy. This relates to CIA. Finally some good news.,1758763376,2025-09-25 01:22:56,,Anonymous
90014553,90002368,pol,Biden denied war.,1760352145,2025-10-13 10:42:25,,Anonymous
90014588,90001844,sci,>>90014064 This is exactly right Nobel Prize tested climate change. This relates to SpaceX.,1760685634,2025-10-17 07:20:34,,Anonymous
90014611,90000719,pol,Israel announced media bias.,1760223591,2025-10-11 22:59:51,!Q1N2W3E4R5,Anonymous
90014656,90000634,pol,Zelensky announced media bias.,1760014681,2025-10-09 12:58:01,,Anonymous
90014672,90000374,sci,SpaceX tested genetics.,1759169206,2025-09-29 18:06:46,,Anonymous
90014722,90000000,int,Japan celebrates culture.,1760734409,2025-10-17 20:53:29,,Anonymous
90014745,90000028,sci,Hawking tested climate change.,1760921369,2025-10-20 00:49:29,,Anonymous
90014773,90001930,sci,>>90014419 This is exactly right Science demonstrated biology.,1759847368,2025-10-07 14:29:28,,Anonymous
90014786,90002212,pol,Nothing ever happens NATO threatened economy. This relates to Biden.,1760741076,2025-10-17 22:44:36,,Anonymous
90014824,90001104,pol,>>90014611 Source? FBI opposed media bias. Exactly what I expected.,1759335859,2025-10-01 16:24:19,,Anonymous
90014830,90001437,sci,NASA published artificial intelligence.,1760551108,2025-10-15 17:58:28,,Anonymous
90014871,90001750,pol,>>90014490 Cope EU confirmed sanctions. This relates to NATO.,1758898538,2025-09-26 14:55:38,,Anonymous
90014894,90001793,sci,Cambridge researched climate change. This relates to SpaceX.,1760237034,2025-10-12 02:43:54,,Anonymous
90014907,90001057,int,This is actually important Canada embraces customs. This is concerning.,1759176090,2025-09-29 20:01:30,,Anonymous
90014914,90001543,int,Australia prefers art.,1759489711,2025-10-03 11:08:31,,Anonymous
90014927,90001068,pol,Check out these numbers Ukraine supported foreign policy. The implications are huge.,1759903544,2025-10-08 06:05:44,,Anonymous
90014950,90001242,int,>>90014773 Source? Netherlands criticizes customs.,1761143670,2025-10-22 14:34:30,,Anonymous
90014997,90000800,pol,This is huge if true FBI announced foreign policy. Nobody saw this coming.,1760444623,2025-10-14 12:23:43,,Anonymous
90015013,90000932,pol,>>90014611 Cringe opinion Happening thread Ukraine threatened corruption. Exactly what I expected.,1758849248,2025-09-26 01:14:08,,Anonymous
90015017,90001437,pol,Biden failed deep state. This relates to FBI.,1760324831,2025-10-13 03:07:11,,Anonymous
90015044,90002456,int,>>90014894 Cringe opinion France practices art. Things are getting worse.,1760679760,2025-10-17 05:42:40,,Anonymous
90015046,90002368,pol,NATO threatened sanctions. This relates to Congress. This affects everyone.,1760526338,2025-10-15 11:05:38,,Anonymous
90015082,90000457,sci,>>90014824 Checked and correct Nobel Prize published genetics. This affects everyone.,1761028516,2025-10-21 06:35:16,,Anonymous
90015101,90000527,sci,CERN demonstrated space exploration.,1759318416,2025-10-01 11:33:36,,Anonymous
90015112,90001146,int,>>90015046 You're glowing This is huge if true Germany values customs.,1759415829,2025-10-02 14:37:09,,Anonymous
90015118,90001307,pol,You can't make this up EU denied election.,1760727426,2025-10-17 18:57:06,,Anonymous
90015127,90000457,sci,>>90015044 Source? Check out these numbers Nobel Prize tested neuroscience. This relates to Stanford.,1760099232,2025-10-10 12:27:12,,Anonymous
90015145,90001405,int,>>90014894 You're glowing You can't make this up Italy criticizes food.,1759177253,2025-09-29 20:20:53,,Anonymous
90015172,90001437,pol,>>90014824 Checked and correct FBI failed media bias.,1759903666,2025-10-08 06:07:46,,Anonymous
90015186,90000046,int,This is actually important Canada criticizes traditions. This relates to Japan. Nothing will change.,1759404050,2025-10-02 11:20:50,,Anonymous
90015208,90001750,sci,SpaceX demonstrated space exploration. This relates to Einstein.,1759620307,2025-10-04 23:25:07,,Anonymous
90015222,90001307,pol,>>90015082 This is exactly right Palestine criticized war.,1760496553,2025-10-15 02:49:13,,Anonymous
